"","gender","death","n","Porcentaje"
"1","female",0,368,40.7982261640798
"2","female",1,14,1.55210643015521
"3","male",0,476,52.7716186252772
"4","male",1,44,4.8780487804878
